{
    "105402637557460992" : [
        "JIMIN ASS \ud83c\udf51",
        "Min Jeon Wonka \ud83e\udd84"
    ],
    "203970390706487296" : [
        "\u3147\u3147",
        "\u3141\u3141"
    ],
    "247852652019318795" : [
        "Mom Bot"
    ],
    "329008356972953600" : [
        "YoongiOppa"
    ],
    "359615923721732098" : [
        "CricketMaster64"
    ],
    "382836908889341954" : [
        "Sochee"
    ],
    "77986581327122432" : [
        "I love Riley <3 UwU",
        "Bamboozle522"
    ]
}