{
    "137311310579761152" : {
        "105401757537984512" : [
            "u\u1d09\u027e-\u029eo\u01ddS \u0250\u028euo\u2534",
            "Have You Seen My Bag?",
            "Tonya<3Jin",
            "Dad Tony"
        ],
        "105402637557460992" : [
            ":unicorn: \u01df\u04c4\u057c\u0585\u0561 \u057c\u0585\u025b\u029d \u057c\u0268\u028d",
            "\u01df\u04c4\u057c\u0585\u0561 \u057c\u0585\u025b\u029d \u057c\u0268\u028d",
            "Have You Seen My Bag",
            "Have You Seen My Bag?",
            "\u028d\u0268\u057c \u029d\u025b\u0585\u057c \u0561\u0585\u057c\u04c4\u01df \ud83e\udd84"
        ],
        "105425577070075904" : [
            "Have You Seen My Bag?",
            "Comrade Slash"
        ],
        "105451941684867072" : [
            "Have You Seen My Bag?",
            "Park960"
        ],
        "105769814995247104" : [
            "Have You Seen My Bag?",
            "Sash"
        ],
        "106055769656455168" : [
            "Have You Seen My Bag?",
            "Gambit Face"
        ],
        "106128244817805312" : [
            "Have You Seen My Bag?"
        ],
        "119186980054499328" : [
            "Have You Seen My Bag?",
            "Big Butty"
        ],
        "125804180785987584" : [
            "Have You Seen My Bag?",
            "Tis Be Miranda"
        ],
        "152206399764561920" : [
            "Have You Seen My Bag?",
            "GalaxyWolf"
        ],
        "171109128863875082" : [
            "Have You Seen My Bag?",
            "Ryanplayzzz"
        ],
        "180962849735180298" : [
            "Have You Seen My Bag?",
            "Melody Tae-hyung"
        ],
        "187222490408288258" : [
            "Have You Seen My Bag?",
            "Sandwich Ninja"
        ],
        "201381827632431105" : [
            "Have You Seen My Bag?"
        ],
        "204649716741308417" : [
            "Have You Seen My Bag?",
            "Legend Andrew"
        ],
        "217429352017690624" : [
            "Have You Seen My Bag?",
            "Mel"
        ],
        "234395307759108106" : [
            "Bag Bitch"
        ],
        "264568266641375232" : [
            "Have You Seen My Bag?"
        ],
        "264866457924534272" : [
            "Have You Seen My Bag?",
            "Wolfie"
        ],
        "273309361550393354" : [
            "Have You Seen My Bag?",
            "Kermit"
        ],
        "324042858845962252" : [
            "Have You Seen My Bag?"
        ],
        "336629724069625859" : [
            "Have You Seen My Bag?",
            "BTSCandy"
        ],
        "342116860139012108" : [
            "Have You Seen My Bag",
            "Cookie Nam-joon"
        ],
        "360081866461806595" : [
            "Translation Bitch"
        ]
    },
    "414624534118006795" : {
        "105401757537984512" : [
            "JIN ASS \ud83c\udf51"
        ],
        "105402637557460992" : [
            "JIMIN ASS \ud83c\udf51"
        ],
        "180962849735180298" : [
            "TAE ASS \ud83c\udf51"
        ],
        "227236043957600256" : [
            "OT7 ASS \ud83c\udf51"
        ],
        "320434122344366082" : [
            "Calender"
        ],
        "418204990184620072" : [
            "\ud83c\udf54Burger and SPRITE\ud83e\udd64",
            "\ud83d\udc68Dad Jokes"
        ]
    }
}